Total_population__Both_sexes_,Taxable_income__million_yen_,Ordinal_Number_of_employed_persons,Number_of_households__Total_,Ordinal_Number_of_physicians,Number_of_dwellings_with_occupying_households,Ordinal_Total_population__65_and_over_,Number_of_lower_secondary_school_students,Number_of_retail_stores,Number_of_elderly_nursing_facilities__Questionnaire_about_basic_matters_
258465,197630.0,e,120481,a,87279.0,d,6985,2227,10
88153,70748.0,e,34624,a,3626.0,d,6053,482,12
17885,14629.0,e,6506,a,,d,55,166,1
5596,7096.0,e,2325,a,,d,40,15,0
55217,,e,27638,a,132390.0,b,2894,474,6
88464,147444.0,e,49361,a,28889.0,c,1414,765,8
27051,42300.0,d,10698,a,5194.0,d,1038,217,12
652,1743.0,f,368,a,,e,544,7,4
619555,374034.0,f,273927,a,,d,14424,2662,30
34772,69833.0,e,15866,a,,d,1252,286,0
765,2585.0,f,458,a,10037.0,d,118,8,0
327,399.0,e,193,a,,d,3,4,0
255284,234827.0,e,158313,a,25786.0,f,8038,1047,1
536939,251395.0,e,254722,a,,c,7546,3406,10
304644,173208.0,f,138258,a,370562.0,e,17650,2627,10
255752,,e,129296,a,18016.0,e,5149,2293,11
564084,301596.0,e,277599,a,376511.0,c,17500,4515,7
53736,80530.0,f,28664,a,,b,885,512,14
1381751,604012.0,e,642354,a,100320.0,c,33388,7751,66
145827,240948.0,f,64892,a,287395.0,e,2619,1008,13
1448017,985019.0,e,654577,a,420008.0,d,36496,8073,42
410,1907.0,f,219,a,,d,43,7,0
34206,48831.0,e,16323,a,,e,32,188,2
183951,142379.0,e,71233,a,59213.0,e,5718,1812,60
32406,74254.0,e,20307,a,,d,1237,75,1
114177,83996.0,e,63031,a,42671.0,c,1969,741,3
119759,,e,49044,a,248425.0,e,2902,601,4
1388,3959.0,e,777,a,,e,61,19,0
6245,10170.0,e,3578,a,119031.0,f,22,13,1
384859,,e,167638,a,113212.0,d,7473,2579,24
290241,217365.0,f,137667,a,,d,6021,1618,3
63280,121459.0,f,30871,a,151398.0,c,1291,370,12
967,10389.0,f,485,a,,c,2310,42,8
108633,59664.0,e,53388,a,39096.0,c,1086,1129,19
123275,170281.0,e,65226,a,,e,5708,802,8
26164,,f,12974,a,,e,19,260,1
1364,3892.0,e,623,a,17807.0,d,128,24,4
216306,179129.0,f,90869,a,,d,680,367,10
2201,4079.0,f,1118,a,69503.0,c,82,13,1
25200,25166.0,f,10541,a,,d,4520,266,10
38836,,e,19006,a,4159.0,d,3885,350,5
2168,,e,734,a,53397.0,e,26,15,1
13783,16371.0,e,3998,a,238615.0,e,1423,155,0
831,951.0,e,427,a,107307.0,e,298,8,2
526,582.0,f,267,a,32227.0,e,4,4,5
79844,79319.0,f,36534,a,45366.0,c,2647,291,1
327,388.0,e,193,a,335134.0,d,3,4,0
92309,,e,51261,a,23104.0,c,1399,708,4
1520,12399.0,f,688,a,88453.0,c,383,16,1
319974,173569.0,e,141903,a,,c,12303,1844,46
258702,,f,127613,a,,e,17056,2395,13
463,723.0,f,260,a,2589.0,d,17,5,1
20719,31203.0,e,6346,a,,d,931,177,10
1209,4766.0,e,618,a,61039.0,c,75,11,1
430863,195447.0,e,217814,a,649573.0,c,6207,2595,9
76624,,e,32552,a,64501.0,d,2534,517,4
705001,441673.0,e,297205,a,,d,21500,4644,54
48432,56432.0,e,19871,a,,d,985,668,24
64813,155035.0,f,31239,a,,c,771,318,3
4635,2256.0,e,3124,a,,e,193,37,4
591,1007.0,e,305,a,,d,4,5,1
236173,130548.0,e,109714,a,29551.0,e,1004,883,15
57186,,e,32506,a,152825.0,b,16,336,11
277812,226999.0,e,146777,a,7819.0,f,2781,1309,14
66817,49928.0,f,34540,a,,d,3003,922,14
10089,14208.0,e,4270,a,,d,9,56,2
443,964.0,f,257,a,42597.0,c,107,6,0
39672,97484.0,e,19536,a,,e,3197,360,6
6317,12152.0,e,3030,a,,d,1182,45,2
134432,99782.0,e,82460,a,5402.0,b,8102,1087,3
87537,76763.0,e,47700,a,231240.0,c,946,265,12
6185,5429.0,f,2331,a,253139.0,c,7,54,3
48778,39474.0,f,19124,a,5498.0,c,1797,1029,9
634229,259376.0,e,319428,a,,e,9006,2863,46
820,1622.0,f,393,a,,c,361,12,0
389,1070.0,f,241,a,80330.0,b,61,4,0
332,889.0,f,195,a,84019.0,e,4,4,0
50079,54906.0,e,20498,a,13636.0,d,4026,231,1
16918,11071.0,f,6259,a,15172.0,d,161,501,5
37788,68648.0,e,19048,a,43995.0,c,1242,243,9
4614,9157.0,e,1670,a,4462.0,c,31,150,19
474671,230077.0,e,208734,a,,c,21462,1853,36
33725,,e,13340,a,,d,741,187,2
44394,60740.0,e,24115,a,87317.0,d,1096,129,6
89091,163981.0,e,41435,a,,e,3750,474,9
380,760.0,e,218,a,2264.0,c,7,5,8
93305,79096.0,e,43233,a,13037.0,d,3541,592,39
43222,36235.0,e,19792,a,310084.0,c,99,77,4
155552,110574.0,e,74710,a,100386.0,e,6719,728,11
28967,12928.0,e,11891,a,52014.0,e,10,68,15
451812,247462.0,f,204430,a,,d,7607,2836,17
1450,4521.0,f,420,a,,d,11,23,1
818839,544801.0,e,393706,a,127936.0,d,15174,5465,25
111693,170833.0,f,47808,a,28556.0,d,3568,1128,13
238584,240383.0,f,115930,a,93229.0,d,4042,3177,8
3880,8610.0,e,1638,a,,e,324,181,1
39502,36370.0,e,16516,a,22023.0,d,2138,728,3
17605,11108.0,f,4461,a,39154.0,d,578,99,7
16032,13888.0,e,7022,a,11216.0,d,1134,190,1
109358,34998.0,e,45328,a,13084.0,c,3314,760,9
20510,,e,7011,a,,c,26,58,2
465072,395426.0,e,213594,a,,c,21492,3664,16
547790,329751.0,e,251578,a,151880.0,d,4034,4429,41
9328,,e,4069,a,8329.0,c,222,60,4
126602,73275.0,f,50375,a,,c,2250,746,33
390,,f,244,a,76281.0,e,6,5,0
761853,,e,321973,a,,d,16649,5769,61
11912,26305.0,e,5470,a,167113.0,e,527,418,1
304560,,f,133187,a,,c,3916,1976,4
346,571.0,e,203,a,,e,3,4,0
373,550.0,e,215,a,1969.0,c,42,4,0
1044,1992.0,f,386,a,32590.0,d,53,8,3
226680,,f,87490,a,53850.0,d,6652,1565,4
1607,4209.0,e,724,a,12315.0,c,65,9,0
45496,93289.0,e,22382,a,217938.0,c,673,644,3
3423,4717.0,f,1254,a,123768.0,c,11,40,6
864,4136.0,e,431,a,3160.0,d,390,19,4
244677,186127.0,e,108267,a,57456.0,c,5884,1855,19
618,1052.0,f,310,a,3207.0,c,19,20,1
155113,111410.0,e,62463,a,209804.0,f,539,993,10
39171,7875.0,f,18793,a,117890.0,d,2410,204,2
347,1974.0,f,200,a,68850.0,d,4,11,0
224566,204795.0,f,101698,a,,d,18751,1289,21
473,1160.0,f,222,a,15832.0,d,35,8,1
62764,,e,24953,a,65101.0,b,1279,652,23
60502,74637.0,e,30135,a,,e,1502,372,6
159472,93812.0,e,69313,a,135594.0,e,1136,1068,12
18043,12307.0,d,6434,a,34678.0,d,173,163,2
1792,4546.0,f,893,a,186237.0,e,158,14,1
312670,201696.0,e,144049,a,207599.0,d,7072,2771,14
82331,64632.0,f,34857,a,49270.0,d,2153,775,16
74710,63503.0,f,29468,a,98734.0,c,1570,300,4
308609,302429.0,e,160897,a,68268.0,d,7589,3716,19
123307,132365.0,e,48378,a,,d,381,780,7
25762,23317.0,e,10518,a,2245.0,c,1549,295,10
122025,89144.0,e,54870,a,114628.0,c,960,864,8
2259,10554.0,e,852,a,6451.0,d,57,57,11
5176,2756.0,e,1491,a,,d,122,90,0
328,,f,193,a,57871.0,e,7,4,1
384,3858.0,e,213,a,20661.0,d,266,20,1
16393,9767.0,f,6421,a,22286.0,d,325,246,5
23851,,f,14604,a,,d,2714,83,11
16918,11441.0,e,6166,a,,d,263,435,4
975,2336.0,e,560,a,9737.0,e,122,4,0
359817,334596.0,e,183518,a,148859.0,c,29298,2479,12
77157,111248.0,f,33428,a,,c,4429,355,3
67301,97269.0,d,29294,a,9488.0,d,3236,512,3
79124,63087.0,e,29621,a,3152.0,d,750,669,18
125474,54826.0,f,50288,a,474204.0,d,5282,1484,12
13829,5376.0,e,5571,a,18294.0,e,1860,264,0
19661,19912.0,e,11320,a,5626.0,c,4,197,4
695,10057.0,d,403,a,,c,4,9,0
110271,159810.0,d,56154,a,,e,3402,738,3
208136,162112.0,e,82366,a,,c,7004,1735,7
72463,105070.0,f,30316,a,27314.0,d,715,509,3
627868,236384.0,f,262910,a,,d,16373,2743,17
640,1028.0,f,286,a,,e,20,7,0
1514,9520.0,e,932,a,10679.0,c,339,5,1
3141,12386.0,f,1090,a,,e,39,148,0
1383,2361.0,e,692,a,39785.0,b,10,6,0
383,901.0,f,223,a,,c,4,22,0
65446,54174.0,f,26983,a,,d,922,624,17
157193,41523.0,f,63246,a,46905.0,d,3219,710,6
285485,160123.0,e,130039,a,,d,1331,1312,7
29614,22238.0,e,11399,a,42541.0,e,317,236,4
25008,54276.0,e,12904,a,16377.0,e,199,120,5
3010,,e,990,a,3876.0,d,188,20,6
1143948,605986.0,e,534887,a,,c,31120,7275,81
3828,5854.0,g,1465,a,,d,233,64,11
62128,61486.0,e,29145,a,,d,3005,825,4
2705,14932.0,e,1054,a,14570.0,e,195,10,1
779,1680.0,e,382,a,18129.0,c,159,5,0
30758,89563.0,e,12709,a,,b,1184,188,5
222005,148500.0,e,101008,a,29703.0,d,2684,1250,6
959,7368.0,d,531,a,,c,5,7,0
47527,33683.0,e,25844,a,146462.0,e,307,581,14
6813,16273.0,e,3039,a,18402.0,d,1306,41,2
445584,285630.0,e,169289,a,,d,6365,3202,16
787,2189.0,f,355,a,,c,26,12,0
63688,21055.0,g,22360,a,5252.0,c,5074,255,11
31899,32054.0,e,13571,a,,f,9871,407,20
38521,32521.0,e,13104,a,,c,1690,413,6
216034,178873.0,e,93104,a,,c,4499,1345,6
11960,15796.0,h,5524,a,46043.0,e,95,24,1
19639,40996.0,e,7445,a,,f,470,301,6
59746,27309.0,e,23985,a,61368.0,c,1078,217,11
210637,130418.0,f,89464,a,,d,5338,1288,5
1820,7574.0,e,704,a,5527.0,e,5,19,1
1351,1752.0,e,470,a,,d,189,20,6
71570,68518.0,e,34347,a,7377.0,d,3429,390,2
15023,9552.0,f,5373,a,33944.0,e,185,79,1
17201,11582.0,e,6934,a,45606.0,c,137,126,2
24960,26677.0,e,17407,a,65744.0,e,1113,122,3
539559,,e,258806,a,31238.0,d,24689,4422,18
7412,8231.0,e,3562,a,12202.0,e,90,44,2
31455,13619.0,e,15169,a,,d,637,163,7
19248,33777.0,f,7790,a,38282.0,e,267,347,5
315177,225250.0,e,161003,a,123960.0,e,7869,1803,2
50719,84628.0,e,24884,a,,c,67,396,3
32045,27016.0,f,16428,a,,e,298,174,5
1195,3655.0,e,466,a,33624.0,d,48,34,5
598433,351050.0,e,291221,a,,e,14111,2664,25
436823,428558.0,f,197858,a,187533.0,c,26286,2316,19
1745,1929.0,f,606,a,138326.0,d,19,20,0
1138,7239.0,e,782,a,,e,14,10,0
153000,65747.0,f,62817,a,63732.0,d,4928,510,5
141640,150095.0,e,63436,a,,d,4821,1349,33
594166,,e,264517,a,74698.0,e,14385,4080,6
46392,51715.0,f,24259,a,49736.0,c,206,834,2
37396,66477.0,f,17002,a,16458.0,d,522,488,4
381,543.0,e,221,a,1463.0,d,85,4,0
1163273,602707.0,e,545255,a,232288.0,c,17272,6279,73
458328,199716.0,e,198087,a,150949.0,e,14900,3015,35
241220,,f,114818,a,,d,6156,2334,1
2284,2404.0,f,899,a,131900.0,c,656,13,4
517122,257032.0,e,230411,a,199322.0,d,5321,3530,9
133915,132643.0,e,56889,a,,d,1113,908,4
64740,58169.0,f,27032,a,,c,6770,188,3
18834,27213.0,f,8746,a,314686.0,e,780,295,0
55900,41760.0,e,27581,a,61997.0,c,459,222,3
4747,17090.0,f,1845,a,,d,569,297,6
129211,159319.0,e,68194,a,,b,2914,723,4
381267,191898.0,e,188580,a,,c,13281,3126,30
612782,348763.0,e,278409,a,218104.0,d,7469,3962,63
33022,37756.0,e,15864,a,11877.0,d,69,165,8
42166,39530.0,e,21620,a,72654.0,f,893,580,3
118985,85591.0,e,63138,a,24420.0,d,4631,460,12
694006,570510.0,e,349248,a,353016.0,c,17765,5023,13
655,1640.0,h,319,a,25913.0,c,3,5,0
206666,122803.0,e,101404,a,157992.0,d,1105,473,11
1749,7027.0,f,994,a,,d,306,51,5
53744,22029.0,e,26497,a,,e,4676,158,17
64846,,e,27978,a,37833.0,d,2979,495,3
26250,50456.0,e,13756,a,,f,156,50,7
477635,396046.0,e,214751,a,182720.0,c,3640,2204,31
310449,228915.0,e,144955,a,149702.0,e,7027,1140,19
165097,89844.0,e,82459,a,107556.0,f,663,1401,7
9826,,e,4800,a,12424.0,c,789,127,4
55752,27147.0,e,25715,a,74965.0,c,895,407,8
3966,8430.0,e,1539,a,101983.0,e,1309,73,5
8665,18801.0,f,3547,a,8719.0,d,743,141,2
744415,491787.0,e,311618,a,,d,12178,2633,32
185918,123043.0,e,78971,a,,c,6114,1190,43
201523,122613.0,e,93878,a,49981.0,d,7006,1776,17
371,579.0,f,217,a,,e,4,6,2
122605,91918.0,f,56251,a,44686.0,d,6529,636,3
13620,26536.0,g,5011,a,,e,174,35,1
54382,46751.0,e,22044,a,80637.0,e,137,504,5
34361,25821.0,e,16736,a,1824.0,e,1695,400,3
5043,10615.0,e,2338,a,,c,76,7,0
32020,,e,11743,a,,e,2286,762,3
22011,,f,12087,a,109094.0,e,403,111,2
115611,96116.0,f,54176,a,11419.0,c,4938,1121,12
108682,90604.0,e,45781,a,233276.0,d,6409,1616,4
40236,,f,16303,a,42832.0,c,2163,157,3
83759,,e,34404,a,80641.0,d,4045,970,3
223138,,e,105570,a,,d,2635,1303,8
1919,12893.0,f,790,a,,e,600,7,1
2614,30248.0,e,1145,a,,c,363,9,1
156776,62993.0,e,68400,a,20769.0,c,4887,282,6
920,3621.0,e,637,a,,c,9,28,1
324064,200174.0,e,153672,a,,e,1022,1217,5
68225,52243.0,d,24373,a,161191.0,d,3130,434,14
26316,47801.0,e,10007,a,13151.0,d,51,459,0
1383,,d,466,a,,d,77,80,2
40857,28263.0,e,22123,a,,d,586,102,2
16266,36339.0,e,10709,a,115802.0,e,318,69,2
102908,75086.0,e,54690,a,23046.0,c,1020,457,2
32074,42027.0,f,12584,a,85334.0,c,1408,250,1
4144,9052.0,f,2500,a,33618.0,e,235,33,2
171280,76825.0,f,82586,a,35847.0,d,12669,1645,13
121392,63586.0,e,54067,a,39979.0,c,2011,1445,8
232691,105883.0,e,98657,a,4824.0,d,11533,1210,18
1697,6577.0,e,918,a,41548.0,d,6,18,1
2891,5287.0,e,1738,a,141332.0,c,46,59,1
219903,134937.0,e,89237,a,76275.0,d,19773,992,23
23622,36768.0,d,11058,a,62296.0,c,471,137,1
93069,62982.0,e,46534,a,9040.0,d,5255,1047,10
26311,14390.0,f,10612,a,6029.0,d,2307,213,8
731390,,e,314956,a,50513.0,d,21449,3298,57
37394,47693.0,e,22285,a,48501.0,c,3613,75,2
23643,37966.0,f,12574,a,,d,1903,427,1
407866,386484.0,e,209849,a,146929.0,b,12728,2668,39
38123,57974.0,e,18428,a,401308.0,e,485,356,9
41524,74162.0,e,18040,a,138592.0,d,190,148,9
3768,9412.0,f,1802,a,,e,284,12,8
126362,127925.0,e,70666,a,,c,1168,821,2
329173,332754.0,e,151132,a,,d,10980,2609,43
1574,4220.0,e,593,a,7538.0,e,121,30,1
35510,39734.0,e,15233,a,,e,726,296,1
863219,424564.0,e,391362,a,11924.0,d,5050,4709,50
366666,,e,150988,a,,d,9283,3209,21
12273,11846.0,e,4730,a,3063.0,d,846,119,3
2295017,1452275.0,e,1121406,a,71055.0,d,73639,13629,80
72175,75506.0,e,29600,a,,b,3804,468,2
70016,70492.0,e,31245,a,60910.0,d,1599,353,1
11028,15853.0,e,3865,a,12849.0,d,190,103,0
783803,467857.0,f,349740,a,136551.0,d,26592,6936,42
217333,120843.0,e,95055,a,,d,4120,1975,22
374,3635.0,h,222,a,138632.0,b,4,8,0
94719,51514.0,e,37919,a,,d,1230,1096,9
1108655,460699.0,e,540550,a,87756.0,e,23914,5293,31
335925,,e,170052,a,138796.0,b,8818,2959,12
1022838,572655.0,f,481787,a,267445.0,c,38871,9751,47
34036,19442.0,e,14464,a,95068.0,e,896,245,4
96835,95189.0,e,43113,a,13670.0,e,2543,1322,7
276932,290836.0,e,135375,a,115426.0,c,15360,3140,5
1691,3330.0,f,827,a,52391.0,c,25,55,2
804009,367390.0,e,408422,a,251302.0,d,14532,5262,83
16920,13656.0,f,6512,a,,d,30,459,3
57800,56515.0,f,27611,a,205094.0,c,2224,396,13
498,2631.0,f,257,a,,c,35,5,2
3030,4487.0,f,1034,a,108796.0,e,26,37,13
144065,117040.0,e,84669,a,63310.0,e,699,1221,12
18458,,f,7465,a,,d,463,234,5
474964,266178.0,e,219859,a,83968.0,e,9711,4507,6
365405,350766.0,f,164137,a,81614.0,d,14060,1556,11
387,966.0,f,204,a,,d,3,5,3
150756,157782.0,d,65443,a,72000.0,d,2654,1113,15
78074,64404.0,f,37635,a,98171.0,d,1005,170,1
284555,198978.0,e,143571,a,,d,4284,2085,14
62671,103420.0,e,26261,a,158154.0,d,257,1091,5
11144,14460.0,e,4488,a,97244.0,e,162,379,4
19525,30331.0,f,8710,a,86117.0,e,1683,148,4
85068,79261.0,e,46636,a,16002.0,b,226,1275,3
439,721.0,f,240,a,28699.0,e,15,5,0
15803,22244.0,e,7078,a,51866.0,d,2667,204,2
164383,137614.0,e,84491,a,131016.0,c,3204,482,7
834526,415187.0,e,372109,a,,c,9222,4656,12
467,513.0,d,303,a,14646.0,c,4,5,1
70373,82200.0,e,40171,a,39731.0,f,3853,537,10
199826,184911.0,d,87141,a,241052.0,e,8034,2535,25
392895,234453.0,e,147775,a,,d,7103,2377,16
167859,152951.0,f,74312,a,485165.0,d,3901,1743,3
1929741,731284.0,e,871064,a,64682.0,c,19580,13395,69
270921,149441.0,e,118584,a,49137.0,e,7724,1686,24
116045,119366.0,e,49731,a,59188.0,e,2274,689,11
104760,94176.0,f,40929,a,,c,6498,613,4
169548,132904.0,e,85360,a,189060.0,c,17916,1529,10
265360,238794.0,e,118585,a,171919.0,e,5910,1335,12
947764,581863.0,f,441463,a,,c,9662,4543,18
94233,96749.0,f,48936,a,184076.0,e,912,531,2
329,420.0,e,194,a,40544.0,c,4,4,0
46622,134925.0,f,23078,a,,d,7189,791,7
563300,391050.0,e,249601,a,163127.0,e,9319,4690,9
1122,7016.0,e,625,a,132027.0,e,49,16,0
196733,114522.0,e,96512,a,17583.0,d,6337,2156,16
85084,96813.0,e,27399,a,,d,6896,646,14
151571,189483.0,e,74374,a,63484.0,e,7287,1317,5
255688,127964.0,e,109460,a,204157.0,d,2769,2257,20
11177,8594.0,f,4762,a,66264.0,d,32,117,1
1291647,711360.0,f,599719,a,,d,31736,6702,38
140998,,e,65882,a,41013.0,e,750,1394,8
527241,329322.0,f,235277,a,,e,19285,1818,18
84492,21541.0,e,38481,a,89017.0,f,187,1054,10
31545,22513.0,e,14193,a,24907.0,c,190,454,1
7432,,f,2807,a,,d,1171,176,5
25733,18568.0,e,12958,a,,e,84,50,14
158441,154351.0,e,70225,a,,d,960,696,13
88667,39529.0,e,40026,a,10182.0,d,1420,829,3
378838,,e,183221,a,,e,5209,3862,29
38677,49627.0,f,18798,a,,d,2589,368,16
350254,263972.0,e,145039,a,42770.0,c,18991,3273,43
5810,12554.0,f,3083,a,,c,403,68,2
448,984.0,e,254,a,15108.0,d,54,25,0
13921,33541.0,f,6190,a,,e,101,168,1
9779,9575.0,f,3290,a,,c,129,191,8
3705,4828.0,e,1595,a,52593.0,c,62,68,1
1112,2739.0,f,476,a,,e,12,7,2
204077,154283.0,e,93659,a,33951.0,d,4235,1937,33
462,633.0,e,221,a,31455.0,d,3,4,0
916,2893.0,f,375,a,,c,281,6,1
324112,246072.0,f,151542,a,110486.0,d,6680,1456,8
7717,13236.0,e,3445,a,22306.0,c,201,70,5
1793,5259.0,e,659,a,45827.0,c,61,25,0
643971,347161.0,f,310484,a,252147.0,d,30888,4762,14
51513,53396.0,f,20033,a,,d,268,453,2
208264,147652.0,e,105586,a,176595.0,d,4671,799,4
827,1782.0,f,393,a,3807.0,d,106,45,2
1076,13926.0,e,538,a,,c,1303,10,1
9208,19514.0,e,4541,a,39257.0,g,105,60,0
34799,70763.0,f,13972,a,,d,3102,298,8
12977,52416.0,e,5755,a,,c,2671,138,0
12870,24234.0,e,7677,a,104185.0,c,4820,479,1
685,3633.0,e,269,a,,d,5,17,1
174978,88952.0,e,68815,a,,d,2256,1420,5
883908,539017.0,f,400638,a,,d,21804,5711,11
6766,10693.0,e,3976,a,8945.0,b,551,39,1
6554,22700.0,f,3658,a,46931.0,e,579,63,0
20464,32559.0,e,13084,a,159884.0,c,106,162,7
152713,132853.0,e,78843,a,,c,4109,535,10
23410,12522.0,e,9808,a,112958.0,d,1000,60,11
22560,38045.0,e,14161,a,24953.0,e,298,91,6
105179,78916.0,e,40439,a,119481.0,e,237,430,6
368733,173099.0,e,177611,a,123627.0,c,4739,2972,20
32863,63121.0,f,13503,a,6175.0,d,819,228,7
190637,180566.0,e,80471,a,227883.0,d,2547,845,3
378,965.0,g,217,a,,f,358,5,6
284697,213299.0,e,114687,a,,b,5293,2076,8
1000553,468654.0,e,442202,a,224786.0,c,7613,8261,41
127023,54674.0,e,48222,a,49179.0,c,3767,1602,25
117657,132158.0,e,56368,a,43430.0,b,3085,993,4
68278,158919.0,e,31642,a,8979.0,c,1963,405,10
6486,15610.0,e,3487,a,242375.0,c,266,55,0
1384689,837143.0,e,636284,a,312212.0,f,24977,8062,72
13466,18044.0,e,7014,a,,c,246,60,3
272337,210496.0,d,127653,a,,e,22102,3321,7
30117,45089.0,f,15003,a,8241.0,c,1039,402,1
234221,114824.0,e,105693,a,156947.0,e,2571,1607,2
947,2289.0,f,499,a,16748.0,e,13,7,0
367642,325728.0,e,174352,a,139427.0,c,10031,2943,19
180895,168058.0,e,80693,a,113984.0,c,11227,2071,14
438444,193786.0,e,209942,a,214481.0,e,13445,3944,25
104172,86211.0,f,45546,a,,c,2570,406,2
6086,7655.0,f,1905,a,11617.0,c,382,30,6
352600,110778.0,f,158663,a,,e,1691,2342,11
223287,123053.0,e,104182,a,446503.0,c,2841,3382,13
182110,,e,76032,a,95533.0,c,2669,470,16
436380,211986.0,f,222015,a,108472.0,d,7409,3420,23
38056,64653.0,e,19093,a,3917.0,e,394,403,2
213043,98792.0,f,82362,a,156713.0,d,3260,1232,25
39772,15976.0,e,22126,a,,c,355,42,8
3412,5803.0,f,1397,a,17408.0,c,260,33,6
18668,21410.0,e,8644,a,,c,190,97,10
74390,74011.0,e,32833,a,17635.0,b,875,197,2
307814,163013.0,f,155055,a,,g,3041,776,5
366209,215289.0,f,159336,a,,c,5391,895,25
70521,85609.0,e,36975,a,,d,3646,1076,11
326322,185813.0,e,154828,a,206165.0,c,5847,2276,17
494153,187814.0,e,219948,a,63251.0,c,6133,3037,45
10451,,e,4500,a,35976.0,e,231,222,1
347751,159879.0,e,167034,a,221136.0,c,4747,1163,15
373455,254924.0,e,191751,a,,c,13530,3733,23
4778,10286.0,e,1866,a,48060.0,e,156,32,20
79389,79251.0,f,33921,a,,c,789,1271,20
265296,202085.0,e,125140,a,,d,4284,2517,17
18007,25788.0,e,6854,a,63218.0,e,451,71,1
315528,123056.0,e,152564,a,29261.0,d,5751,1580,60
148685,113164.0,e,74942,a,54703.0,d,10419,838,22
3579,8570.0,f,1239,a,105556.0,d,262,38,1
45533,73651.0,e,24352,a,,f,421,159,4
222135,150579.0,e,100466,a,101461.0,c,3046,1410,16
72440,61291.0,e,38783,a,42717.0,c,423,235,2
467599,,f,231011,a,209826.0,c,23380,3248,13
552170,197427.0,e,221644,a,,c,12873,2252,33
175845,124307.0,e,84249,a,,d,17458,863,27
67003,49507.0,f,28262,a,73075.0,d,2556,619,4
141186,62530.0,f,63095,a,,e,5151,924,1
176004,162452.0,e,68258,a,21378.0,d,5473,1297,11
22300,39118.0,e,10525,a,,c,1469,132,13
615045,,e,297894,a,430191.0,d,9963,4457,31
135182,82361.0,e,66267,a,,e,3129,449,25
195872,230202.0,f,87668,a,54415.0,d,3570,1891,27
448385,412629.0,e,222534,a,,c,6461,2667,30
29277,20610.0,f,15283,a,12455.0,e,497,364,4
87719,76892.0,e,44219,a,51111.0,c,8280,570,3
4421,,f,2386,a,113470.0,d,605,48,0
384334,307094.0,e,192825,a,95689.0,c,10870,3710,28
9664,,e,3466,a,16780.0,d,225,76,0
292712,168916.0,e,128799,a,22198.0,c,3803,1523,31
22109,45265.0,e,10131,a,22923.0,e,61,592,13
10968,20843.0,e,4523,a,,c,133,146,0
431224,389590.0,e,211596,a,67303.0,d,13063,1733,12
226597,121888.0,e,110057,a,18507.0,e,8096,1369,12
910,2989.0,f,602,a,,c,189,35,1
11806,18282.0,e,5277,a,,c,952,191,6
301610,169956.0,e,131952,a,,c,6165,2675,10
42732,52849.0,d,17160,a,,d,367,921,5
352824,255203.0,e,166847,a,74516.0,e,4041,2744,16
652397,373958.0,e,275041,a,86582.0,d,8920,2557,60
8026,10590.0,g,3725,a,,c,182,15,2
120785,91232.0,e,51152,a,41571.0,e,2178,395,3
11785,30467.0,e,5353,a,15108.0,d,964,61,5
86843,50946.0,f,37804,a,,d,1277,1240,11
8818,6046.0,f,3245,a,139841.0,d,73,260,0
23480,40493.0,e,12620,a,,e,134,177,5
62250,73408.0,e,24701,a,176938.0,c,2129,660,7
443,1103.0,h,270,a,44589.0,c,25,6,0
67185,,f,27860,a,,c,900,456,7
187283,129927.0,e,87520,a,,b,1445,1256,5
332,401.0,e,194,a,35638.0,c,4,4,0
96602,59019.0,e,47940,a,,c,145,382,5
213351,214738.0,e,94533,a,99693.0,c,10324,848,9
15327,31643.0,e,5319,a,15401.0,c,2907,51,11
1289,5221.0,d,542,a,24702.0,c,8,6,0
329514,268097.0,f,142406,a,121707.0,c,3506,1220,9
371470,210360.0,f,159104,a,210891.0,e,23672,3326,16
30802,31562.0,e,18083,a,111407.0,d,647,588,8
130254,98635.0,e,69714,a,66409.0,d,1683,1137,18
141097,,f,64992,a,,d,2246,345,3
9050,24322.0,e,3651,a,147697.0,d,2874,92,2
12812,,f,5126,a,9669.0,d,81,79,5
32306,,e,17689,a,62484.0,c,2624,395,3
1519,3776.0,e,780,a,,e,4,25,1
44327,46846.0,e,24615,a,,e,3898,103,4
1069,1015.0,e,391,a,3102.0,f,9,13,1
766783,373414.0,e,349708,a,559559.0,c,30245,3557,14
745273,560114.0,e,353792,a,174776.0,e,28870,3936,9
619,1834.0,e,317,a,18197.0,d,36,9,0
27625,,f,11612,a,76067.0,c,5455,373,14
11119,,f,4019,a,42324.0,c,879,100,2
18953,17078.0,f,9212,a,3486.0,c,430,66,0
152257,106722.0,e,58406,a,54116.0,c,1021,534,18
17742,25423.0,e,7256,a,,d,3622,1020,4
1266,8012.0,f,601,a,4654.0,d,131,20,1
986,8964.0,e,451,a,,d,655,7,0
205069,137353.0,f,97467,a,141874.0,c,3490,1817,8
7534,8225.0,e,3546,a,21015.0,c,1169,79,5
257723,169629.0,e,101344,a,211291.0,d,5948,1537,8
283329,294619.0,f,143570,a,293873.0,e,6971,3087,7
880789,466313.0,e,435480,a,,e,11932,4932,15
81721,35792.0,f,32248,a,,d,2299,1083,13
114025,46674.0,e,43154,a,,c,1215,1546,4
406,919.0,f,231,a,102919.0,c,159,11,0
305097,148729.0,e,129419,a,410916.0,c,12118,3154,19
402,,f,221,a,9491.0,d,11,4,0
44196,,f,14108,a,107839.0,d,148,210,1
8139,3158.0,e,3295,a,43517.0,c,10,14,1
8842,13800.0,f,3711,a,76577.0,c,1405,59,1
328,425.0,d,194,a,,c,11,4,0
567902,,e,223302,a,,d,15573,4902,35
32053,11186.0,d,12717,a,18286.0,d,300,301,8
3417,10903.0,e,2561,a,28795.0,c,2072,121,1
554271,473776.0,e,254176,a,,c,29521,3363,39
375,1326.0,d,221,a,7119.0,d,6,4,0
170232,139286.0,f,100404,a,13706.0,c,4236,1781,7
151454,94170.0,f,63103,a,,d,8972,576,7
917,2290.0,e,524,a,117674.0,c,25,19,0
300909,146044.0,e,135344,a,30893.0,c,9654,1272,45
20227,17823.0,f,7467,a,35759.0,d,342,36,2
21696,37642.0,e,10517,a,111580.0,e,902,247,2
3106,,f,1231,a,,c,371,72,0
118361,30800.0,e,40564,a,4679.0,c,2263,458,26
1985,7094.0,e,1052,a,251373.0,c,37,14,0
42530,72738.0,e,22441,a,3470.0,d,689,213,6
187664,79767.0,f,83916,a,162572.0,c,6600,3916,24
77093,19974.0,e,36923,a,40074.0,c,465,214,3
315493,305008.0,f,128537,a,42484.0,e,2068,1919,16
248077,187722.0,e,123570,a,63284.0,d,7485,1372,2
117543,,e,47393,a,274550.0,f,1122,621,2
51435,58372.0,e,24151,a,3491.0,d,1419,256,2
405477,,e,186696,a,88832.0,c,5409,2606,30
15565,,e,5244,a,,c,176,46,0
11985,,f,4953,a,139406.0,d,1057,176,2
368,2526.0,e,218,a,,c,5,4,0
8562,43491.0,f,4063,a,181444.0,d,271,280,1
222008,187689.0,e,105511,a,67722.0,c,5408,1708,15
165380,128334.0,e,69033,a,,d,3577,1564,23
34978,30485.0,e,18814,a,,e,256,250,5
612,2803.0,f,262,a,88872.0,e,6,5,3
137873,101905.0,e,69607,a,,e,4296,906,4
395195,189038.0,e,193991,a,117028.0,d,13967,1646,40
327,419.0,e,193,a,23777.0,e,7,4,0
195821,204865.0,e,86888,a,,c,3525,681,13
89848,,e,41455,a,,d,6861,674,12
56033,58050.0,e,23742,a,127231.0,c,2829,258,4
107800,,f,49020,a,127016.0,c,2311,409,8
82509,103399.0,e,36371,a,,d,449,218,2
614868,433436.0,e,306295,a,281193.0,d,17506,4652,47
63446,35450.0,e,25210,a,59258.0,d,893,477,12
338,618.0,e,202,a,24483.0,d,7,5,0
1755,6241.0,e,814,a,16979.0,d,154,8,1
468,561.0,e,274,a,62234.0,c,11,24,2
123543,64581.0,e,43827,a,7896.0,c,168,602,9
127546,82253.0,e,56576,a,152464.0,d,4638,2486,14
749952,561508.0,e,348593,a,,e,4676,3505,23
328,783.0,e,194,a,4707.0,c,5,4,0
185346,95562.0,e,70841,a,130130.0,d,7734,1540,26
50007,42761.0,f,20268,a,,d,1686,214,22
408627,84279.0,e,185780,a,95582.0,d,4123,3596,5
201511,118004.0,e,86343,a,,d,11125,1433,39
12628,,e,4527,a,,d,1188,207,3
9107,4215.0,f,3644,a,,d,111,119,1
1533,,e,900,a,14348.0,e,46,9,0
336360,178690.0,e,148880,a,175004.0,c,5737,3203,27
244399,158754.0,f,103626,a,22394.0,c,7406,1503,7
153524,65720.0,e,62110,a,80838.0,f,5551,991,11
3314,6476.0,e,2268,a,16189.0,d,1473,18,0
927,6082.0,e,594,a,26880.0,d,18,88,0
290475,133381.0,e,120509,a,,c,2365,1207,18
31879,40191.0,f,16827,a,1463.0,c,713,181,5
79786,51811.0,e,35999,a,,d,2993,594,15
241488,107481.0,e,123798,a,83019.0,c,3492,901,5
97427,72090.0,f,48637,a,,e,4875,1131,12
337198,137158.0,e,163122,a,,d,11871,1984,12
224562,135793.0,e,94903,a,61946.0,d,1576,2433,13
1930,3223.0,e,649,a,6966.0,d,21,23,0
22256,42196.0,e,10575,a,45808.0,c,3591,335,5
67324,51480.0,e,34403,a,20345.0,d,1700,902,6
78998,51464.0,e,36255,a,46013.0,d,646,1101,4
264798,220554.0,e,121237,a,237375.0,c,2456,1451,3
49065,69939.0,e,24686,a,41076.0,c,4295,424,7
1936,8537.0,f,997,a,4088.0,f,539,26,2
6153,19620.0,e,2496,a,,d,120,189,3
31071,34435.0,f,14461,a,215406.0,d,1346,479,1
25496,35024.0,e,11049,a,,c,560,356,11
392,728.0,f,223,a,18974.0,e,3,4,0
13496,5642.0,e,6935,a,9517.0,b,6,165,1
16768,9192.0,e,7106,a,74250.0,d,3489,142,4
62462,77781.0,d,22896,a,159751.0,e,2661,726,18
5762,8622.0,e,2465,a,50625.0,d,61,16,1
279452,152428.0,e,124634,a,207621.0,d,6748,2604,16
8709,13234.0,e,4111,a,73985.0,c,159,41,0
954933,420444.0,e,449526,a,380692.0,c,32657,6070,40
149943,96713.0,f,51142,a,,d,6325,936,15
174418,92295.0,e,72666,a,,d,3850,1837,12
227795,98442.0,e,117577,a,,c,5440,2105,14
65477,69209.0,e,31247,a,13871.0,d,3761,452,10
252957,,e,109677,a,86094.0,e,3407,934,16
399929,196671.0,e,172897,a,85631.0,d,3941,3161,22
108140,72505.0,f,41769,a,142533.0,d,254,735,8
35923,75665.0,e,16166,a,139861.0,f,964,226,2
62084,27565.0,e,26162,a,,c,1237,429,2
185230,189959.0,e,90273,a,,e,6262,2450,4
2485,4123.0,f,1253,a,,c,4,11,5
475527,139907.0,e,236714,a,268784.0,e,15168,2419,24
15271,47172.0,d,8605,a,24042.0,f,905,153,6
253255,,e,106807,a,19932.0,d,16443,1715,22
541382,195950.0,f,243442,a,72381.0,c,6248,2750,27
19555,14585.0,e,8548,a,,e,285,185,13
438443,265280.0,e,193470,a,144207.0,c,9064,3518,17
135735,139732.0,e,67996,a,56640.0,d,2494,1005,10
1086878,513739.0,e,508737,a,,b,29702,6546,18
26450,58662.0,h,12820,a,138772.0,e,4130,482,9
27384,38455.0,e,15370,a,,c,1547,714,10
142235,113057.0,f,62986,a,8917.0,d,6034,508,14
38041,111141.0,e,17757,a,100417.0,d,2394,410,2
664235,376990.0,f,272353,a,167202.0,d,6225,2449,15
317021,141298.0,f,162344,a,,d,2457,1883,29
39603,,f,15043,a,92266.0,d,4778,732,5
5029,11247.0,f,2474,a,,d,29,81,0
74742,99430.0,f,34303,a,8670.0,c,117,189,2
430725,173294.0,e,197990,a,101507.0,d,4209,2187,8
4085,4398.0,f,1392,a,,e,158,75,4
110401,109740.0,e,44993,a,,c,4055,553,6
191742,144301.0,e,83463,a,,d,9115,2209,14
187550,,e,86669,a,,d,9851,781,15
121946,41880.0,e,58047,a,197443.0,e,26,748,1
16112,46512.0,f,7845,a,,d,599,74,1
8005,28615.0,f,4143,a,,e,348,60,0
328,474.0,e,193,a,,e,4,4,0
371039,150148.0,e,176866,a,,f,842,1806,24
4461,7369.0,f,2094,a,106033.0,e,165,30,0
117104,84038.0,e,61656,a,21913.0,c,5508,1243,3
307601,141856.0,f,147819,a,108384.0,e,1271,2019,10
962,4095.0,e,559,a,,d,256,5,0
57982,23409.0,e,30235,a,13604.0,c,1806,376,9
544664,339089.0,e,239441,a,138573.0,d,12608,4289,16
2137,7844.0,e,822,a,,c,508,10,1
215257,,e,107569,a,57053.0,d,9046,2603,19
26515,51563.0,e,9883,a,,d,3538,487,6
1212,2438.0,g,475,a,,d,27,12,8
155407,113811.0,e,65957,a,24404.0,c,9325,595,22
580,1500.0,f,319,a,,b,24,5,0
4913,7085.0,f,1587,a,,d,286,48,2
386,1645.0,f,211,a,2989.0,c,4,4,0
217362,120398.0,e,97415,a,,d,1953,737,43
338,707.0,e,203,a,,f,5,5,1
15583,29550.0,e,7801,a,,e,1238,144,16
1044,4109.0,e,619,a,,d,256,55,3
59689,74692.0,e,25323,a,8308.0,c,697,293,5
66501,59457.0,e,36298,a,,e,943,272,1
13218,,f,6088,a,,c,63,274,11
43665,24886.0,f,18227,a,67917.0,c,2907,326,7
725213,294013.0,e,365258,a,316374.0,e,4388,3147,37
35454,,f,14680,a,145442.0,c,1227,380,0
179776,180648.0,f,76528,a,70719.0,c,2660,944,10
18263,25241.0,e,9306,a,18280.0,b,815,201,1
275981,118607.0,e,129077,a,221274.0,d,9974,1666,24
3735,9246.0,f,1713,a,197716.0,c,263,102,0
624727,,e,298315,a,,d,13783,3984,29
254745,114003.0,e,116715,a,,d,7528,2133,5
204617,131670.0,e,106771,a,,c,2915,2673,3
2278,5296.0,e,736,a,,d,9,26,1
346042,215160.0,e,149060,a,192607.0,c,5238,2361,14
493941,498323.0,f,247160,a,83469.0,e,4891,4219,27
14610,25978.0,f,6324,a,36461.0,d,263,45,11
2089,12931.0,e,1714,a,,c,36,40,0
303476,153844.0,e,136273,a,209413.0,c,1568,1180,9
202094,162322.0,e,102392,a,300561.0,f,1085,1219,15
43433,37998.0,e,16061,a,3419.0,e,593,126,33
16304,23236.0,e,6475,a,,e,207,192,0
999,,e,355,a,,c,9,22,4
425558,,e,178704,a,,d,22149,4941,10
417734,,e,196455,a,256367.0,e,5004,2155,11
1166367,598648.0,e,508635,a,,d,27086,5684,80
3885,5275.0,e,1394,a,79932.0,d,92,75,0
13690,40465.0,e,6982,a,16081.0,e,2875,382,3
927,814.0,f,359,a,27177.0,d,6,10,1
362,558.0,e,211,a,13190.0,c,3,4,0
38528,23461.0,e,13160,a,281640.0,c,1224,282,24
2670,919.0,e,1310,a,,c,40,18,1
144061,125653.0,e,50640,a,38506.0,c,4772,1434,24
3433,,f,2717,a,131978.0,e,372,77,4
73635,,e,26662,a,43069.0,c,1418,844,9
489824,120309.0,e,224754,a,21390.0,c,5507,2368,13
396642,149674.0,e,184071,a,,c,6062,2957,54
70277,115245.0,e,44292,a,136092.0,e,48,343,1
19053,24380.0,e,8985,a,,d,2508,66,1
980,1759.0,e,511,a,10328.0,d,19,18,2
4537,5242.0,f,1708,a,,c,28,47,5
14728,20543.0,f,6795,a,16787.0,c,220,49,16
589,1800.0,f,403,a,93642.0,c,19,9,0
65175,67533.0,e,24479,a,,e,151,575,3
188301,91183.0,e,84919,a,,c,3509,751,6
115710,151301.0,e,49169,a,197040.0,c,2596,1109,10
384767,337321.0,e,195793,a,229124.0,d,3776,1512,24
7905,6490.0,e,3709,a,75463.0,d,799,27,0
103824,75399.0,e,42917,a,,c,411,730,5
14451,23469.0,e,6802,a,69628.0,d,1119,36,7
8020,7007.0,f,3159,a,25129.0,d,345,48,4
88370,67390.0,f,40847,a,148100.0,d,364,537,9
25552,29570.0,f,9497,a,,e,881,196,11
91141,148158.0,e,43986,a,,f,1311,848,11
338,509.0,f,197,a,,d,6,5,1
92850,118953.0,e,49386,a,91573.0,c,624,244,8
721984,537411.0,e,344134,a,353760.0,f,6387,5214,25
604433,275815.0,e,277977,a,161208.0,c,6841,3001,51
250867,128219.0,e,117767,a,23742.0,d,8622,414,12
1753,5864.0,e,769,a,6324.0,e,135,17,0
88437,55713.0,f,49227,a,249296.0,c,1743,539,26
370,1315.0,f,234,a,1809.0,c,3,8,0
463,453.0,f,238,a,56021.0,c,3,12,1
1250457,494698.0,e,575063,a,,e,43345,7127,33
251144,240212.0,e,134544,a,20075.0,c,6096,1424,18
195931,195272.0,f,97587,a,,e,9801,813,17
91900,118169.0,g,36969,a,65915.0,d,4743,358,10
289164,242823.0,e,122013,a,31805.0,d,1185,2674,12
64239,126961.0,e,35867,a,58985.0,c,208,256,0
115812,63551.0,e,56516,a,244247.0,c,2152,1024,10
168333,108468.0,e,73867,a,3691.0,c,2604,789,8
83478,77102.0,e,43608,a,,d,2705,157,9
1077605,846180.0,e,486356,a,,c,22458,6995,23
18932,11720.0,e,8819,a,,d,104,208,7
354971,245002.0,e,155485,a,13450.0,d,6463,2193,33
417125,227926.0,e,206377,a,,c,6465,2799,34
22096,51916.0,e,9844,a,,d,4847,170,8
554,1273.0,d,283,a,19251.0,c,7,4,0
5583,38885.0,e,2480,a,119171.0,b,362,98,4
3022,15143.0,e,1619,a,,e,36,25,6
8696,24086.0,e,5390,a,96552.0,f,27,422,4
114835,48242.0,f,46687,a,,d,52,648,6
856799,252264.0,f,435930,a,,e,6759,4509,30
1376865,673906.0,e,627419,a,,d,23480,13269,95
343151,229341.0,f,147343,a,120310.0,d,4349,2056,37
7335,3904.0,f,2259,a,,d,7,94,2
563,2192.0,g,316,a,31970.0,e,3,6,1
230347,143434.0,f,105605,a,,d,469,981,18
238061,232106.0,e,101498,a,,e,2938,2345,2
11510,36307.0,f,5737,a,43961.0,d,413,149,6
2335,7284.0,f,953,a,12253.0,e,41,21,3
359287,136223.0,e,175597,a,,e,9866,1224,6
84797,57493.0,e,43476,a,,c,1931,877,7
12368,38425.0,e,7450,a,53823.0,d,4811,135,3
286283,73922.0,e,154051,a,225337.0,c,3215,1497,20
822308,460502.0,e,364556,a,28164.0,c,11499,4141,45
435000,251787.0,e,204458,a,,e,2685,1514,23
3207,6194.0,f,1333,a,6666.0,d,589,98,1
591292,251102.0,e,265294,a,27690.0,e,5481,3852,40
31554,31739.0,f,14235,a,119468.0,d,1427,111,3
35227,94675.0,f,13698,a,89132.0,c,578,294,4
8710,21686.0,e,3859,a,5345.0,d,88,36,5
334120,118517.0,e,166044,a,14191.0,d,13758,3767,18
1924,11357.0,e,740,a,21340.0,d,3,6,0
24082,32521.0,f,12208,a,26782.0,c,994,217,0
1466,4455.0,d,744,a,14964.0,e,243,10,0
989,2197.0,e,403,a,4535.0,d,4,6,4
32096,59178.0,e,14429,a,469130.0,b,579,51,7
123397,50883.0,f,54842,a,128426.0,c,2882,920,6
9775,7059.0,f,4461,a,56860.0,d,406,103,3
20982,63328.0,f,10345,a,37207.0,e,514,259,0
170511,91424.0,e,80001,a,76225.0,c,8721,1235,23
71854,,e,37313,a,126716.0,e,5163,306,18
3973,1386.0,f,1955,a,193916.0,c,609,20,2
320263,173177.0,e,152134,a,7152.0,d,11976,1925,20
300771,177922.0,f,127314,a,19162.0,d,2504,1855,42
2688,4631.0,e,1021,a,26407.0,c,3835,36,11
112771,62953.0,e,58407,a,,c,1592,1005,4
5984,17291.0,e,3174,a,2326.0,d,400,64,3
57986,63837.0,e,29311,a,264861.0,e,1325,205,1
82442,68527.0,f,38234,a,,c,686,622,2
62419,17442.0,e,24378,a,154390.0,d,1333,175,5
11010,13935.0,f,6206,a,,b,1014,63,4
24964,18607.0,f,11161,a,,d,823,449,4
554374,281350.0,e,299526,a,194622.0,c,8749,3224,11
1093,5710.0,e,423,a,,d,13,21,0
332980,213467.0,f,150291,a,,e,6289,2548,15
3084,3529.0,e,1303,a,,d,908,93,3
729900,397272.0,f,350987,a,,d,13367,3693,11
207737,125404.0,f,108499,a,,e,3420,1232,16
109543,57991.0,f,50719,a,271327.0,e,2127,618,12
2110,3018.0,e,991,a,,c,12,12,1
116459,107629.0,e,54828,a,162466.0,e,2138,326,5
16163,30697.0,f,8631,a,164435.0,e,265,325,1
9211,11497.0,d,3026,a,,d,239,61,7
2769,18098.0,f,937,a,6771.0,d,238,23,0
488726,391784.0,e,231018,a,250891.0,d,9582,3670,13
90605,49961.0,e,41039,a,11969.0,c,4041,515,4
28977,42017.0,f,15509,a,29175.0,f,450,643,4
195247,148795.0,e,96943,a,217127.0,d,2333,1497,11
330,711.0,e,196,a,22692.0,b,3,4,0
997,2187.0,f,485,a,48518.0,c,15,7,1
3968,4102.0,f,1592,a,,d,84,102,1
22388,49044.0,e,10962,a,71218.0,d,1316,302,0
33568,39149.0,f,13630,a,,c,4125,886,23
946753,595632.0,e,379325,a,,d,21954,8923,58
139293,76384.0,e,66896,a,,f,3994,826,1
377,772.0,f,214,a,91778.0,c,50,5,0
284288,192397.0,f,140975,a,25279.0,c,4373,812,6
150409,95145.0,e,64143,a,,d,4141,2180,5
288057,208540.0,e,142509,a,,d,7162,2387,9
120288,128510.0,e,70170,a,38557.0,c,2518,735,4
576,929.0,f,230,a,8468.0,d,91,19,2
16744,25683.0,e,8253,a,,c,222,53,2
6150,2831.0,e,2529,a,29053.0,d,966,79,3
345108,268061.0,h,162490,a,513369.0,c,11905,1414,10
1392,,f,816,a,,c,12,49,0
1001,,f,440,a,50707.0,c,80,84,0
64946,39608.0,e,27455,a,,d,862,818,12
774940,,e,400221,a,323075.0,e,6049,4682,44
90894,69804.0,f,30383,a,257108.0,c,6034,1148,20
192977,127918.0,e,88097,a,128735.0,d,986,1440,16
77365,61321.0,e,32282,a,,c,2229,241,3
21479,49723.0,e,11052,a,84568.0,e,3094,247,10
91479,60230.0,e,36828,a,19098.0,c,3807,1855,13
1143362,455974.0,e,510683,a,338155.0,e,22121,5037,61
454657,198396.0,f,197840,a,10751.0,d,2383,2782,41
106926,111637.0,f,46748,a,22068.0,d,2004,771,14
8003,18582.0,f,5796,a,100376.0,c,1778,98,5
1688,2602.0,f,648,a,17909.0,c,30,13,6
1787,8393.0,f,572,a,11503.0,c,27,21,4
513929,287089.0,e,207108,a,,d,12835,4941,29
260731,266878.0,e,126363,a,34902.0,c,12329,3076,15
136021,50836.0,e,62370,a,198283.0,e,935,1171,8
621961,318994.0,e,282248,a,55436.0,e,12175,2648,35
172491,141298.0,e,81597,a,24290.0,c,8760,896,32
307960,276177.0,e,160654,a,138398.0,d,4265,1839,12
10567,29515.0,f,5050,a,2572.0,d,1803,180,5
30511,22368.0,e,17268,a,,c,247,116,2
639996,271151.0,e,304635,a,367443.0,d,13868,3965,26
28077,71334.0,e,15286,a,114049.0,c,27,10,1
18420,30493.0,f,5844,a,34970.0,b,208,121,8
823,1935.0,e,330,a,211313.0,c,134,155,0
274461,239719.0,f,143066,a,106997.0,e,575,2154,8
355740,158615.0,e,149769,a,210520.0,c,4877,2616,29
101421,44010.0,e,39942,a,,c,1438,361,13
16155,35589.0,e,7313,a,25979.0,d,938,73,5
5083,5968.0,e,2650,a,,d,24,65,6
993577,,e,478039,a,218957.0,d,13738,4944,28
3204,11440.0,e,1320,a,39975.0,c,73,97,0
92806,65205.0,f,44653,a,40780.0,e,663,664,3
210319,123090.0,e,85605,a,,d,9593,1275,11
11284,,e,5504,a,21970.0,c,226,89,14
284658,160321.0,e,133768,a,197205.0,c,5651,1028,3
44046,14145.0,e,18113,a,13712.0,c,826,309,3
31832,29652.0,e,15395,a,7490.0,d,1694,261,0
348,1389.0,e,206,a,3684.0,c,8,4,2
32381,32605.0,e,12613,a,40949.0,c,4273,395,30
55798,72011.0,e,23907,a,117037.0,c,3746,311,4
9795,15930.0,f,6465,a,,e,1381,98,0
352,619.0,f,206,a,5278.0,c,4,4,0
377833,320556.0,e,187527,a,170497.0,f,9169,2612,11
854,5341.0,e,468,a,180714.0,c,6,55,0
327,503.0,f,193,a,13920.0,e,3,5,0
255099,,f,113386,a,303950.0,c,8430,2402,35
199942,88669.0,e,85962,a,24309.0,c,2441,1221,12
460,881.0,e,237,a,,c,85,4,2
32830,17243.0,e,14364,a,47583.0,d,287,64,3
188261,253804.0,e,93878,a,262777.0,d,3399,1678,25
221929,159411.0,f,103240,a,382692.0,d,3498,2009,3
76414,62681.0,f,33902,a,,f,2172,568,3
133787,,e,64352,a,,c,12752,818,4
19156,35245.0,f,9253,a,46570.0,c,3945,182,1
12835,14745.0,f,5303,a,165729.0,c,183,62,2
6534,7063.0,f,3370,a,158169.0,d,489,83,0
243015,133727.0,e,103604,a,53721.0,c,13965,1318,31
126814,42065.0,e,55400,a,31639.0,d,18116,668,18
77339,69838.0,e,32084,a,,d,30,271,1
538576,305975.0,e,245555,a,117349.0,c,11578,4183,33
10176,12306.0,e,4570,a,12657.0,c,2672,216,10
46280,63278.0,e,20438,a,19863.0,e,2441,194,3
51856,56638.0,f,22451,a,5747.0,d,540,278,4
22288,6072.0,f,7502,a,,d,1351,195,4
292460,155592.0,f,106074,a,53310.0,c,8390,1778,19
1412,1548.0,f,539,a,141793.0,d,3,11,0
60344,69768.0,e,35612,a,,c,19646,404,2
419565,185433.0,e,177808,a,4239.0,d,11824,3125,15
19662,15615.0,e,9971,a,93993.0,d,285,353,4
1008,4944.0,e,696,a,79845.0,f,52,69,0
21443,34990.0,e,11428,a,,c,1418,233,11
51185,,e,27202,a,46586.0,c,833,614,7
861,2399.0,e,489,a,54540.0,e,84,10,0
216899,81957.0,e,111261,a,297759.0,e,3452,1330,3
5264,11657.0,e,2485,a,,d,417,98,0
60455,39236.0,f,24068,a,145846.0,c,1037,355,0
904,5272.0,f,508,a,123854.0,c,238,6,1
187973,233155.0,e,73371,a,95132.0,d,8758,843,14
1349,1589.0,e,477,a,5519.0,d,11,27,1
16503,9485.0,e,7234,a,10073.0,d,357,51,4
332960,274860.0,e,168645,a,,c,18084,1219,8
296000,208948.0,e,140582,a,,c,6281,2272,22
238685,125115.0,e,104867,a,,d,8055,815,4
8409,13584.0,e,3880,a,58006.0,e,487,109,4
291672,207674.0,e,110917,a,39756.0,d,9269,748,8
51091,74015.0,e,21373,a,,c,6519,391,28
79529,136198.0,e,33829,a,,e,384,1076,22
292083,232805.0,e,141730,a,379319.0,c,2414,1375,4
31304,22813.0,f,12239,a,13888.0,c,2288,93,12
1574,6543.0,e,640,a,20681.0,c,19,8,0
570,4549.0,e,261,a,50978.0,c,146,6,0
32310,55784.0,f,13347,a,67452.0,c,874,282,16
431684,184247.0,e,192771,a,178242.0,f,6957,2393,22
519997,,e,233249,a,,c,5239,1868,27
348536,206539.0,e,141681,a,4966.0,d,6553,2599,4
459599,254819.0,e,171308,a,48187.0,d,12384,1512,57
102850,63335.0,e,45025,a,254346.0,c,1495,355,1
1605,2700.0,e,926,a,6180.0,c,349,16,5
284119,178700.0,e,117892,a,,c,5627,1854,36
3474,11026.0,f,1220,a,,c,21,24,2
135230,79290.0,e,68674,a,76494.0,d,3969,525,15
33143,19485.0,f,9253,a,,d,2912,149,11
38910,34604.0,e,15525,a,88709.0,d,300,528,2
191090,182380.0,e,99097,a,303073.0,c,1530,1278,11
197703,142778.0,e,84766,a,,e,10435,1321,20
636756,380004.0,f,311265,a,325834.0,c,12736,5441,34
913686,403544.0,e,397132,a,,e,21607,4722,15
98293,72085.0,g,36561,a,42106.0,d,3590,845,36
904,3264.0,f,336,a,,d,176,51,0
297435,160458.0,e,125350,a,,d,10428,2400,32
439182,499417.0,e,199828,a,238541.0,d,14265,2679,12
327,,e,193,a,14731.0,f,5,4,0
356184,,e,173213,a,,d,3110,1122,15
183910,143860.0,e,91606,a,171779.0,c,10248,2209,1
8382,30611.0,d,5551,a,1941.0,e,619,198,1
39431,45577.0,e,21676,a,1526.0,d,2401,140,4
331,746.0,f,194,a,,f,3,4,0
19354,14267.0,g,7403,a,8127.0,c,1373,108,10
116125,64475.0,f,46347,a,1812.0,d,3323,1413,18
7472,,d,4382,a,6649.0,e,389,129,2
1190,5919.0,e,628,a,14333.0,d,18,9,0
134228,70833.0,f,51123,a,20287.0,d,7388,1744,8
1592,4617.0,f,741,a,12852.0,d,371,57,3
714954,464113.0,f,307982,a,57738.0,d,19040,4232,57
65655,71557.0,e,32900,a,145802.0,d,1356,1206,20
9805,6378.0,e,3606,a,,c,477,61,1
67325,16582.0,f,26034,a,235516.0,d,843,540,8
32700,50790.0,e,14564,a,17747.0,e,6286,277,2
3699,,e,1524,a,7369.0,c,61,16,3
198924,202040.0,f,82015,a,17791.0,d,3849,1522,6
98638,87364.0,f,48270,a,100787.0,c,1904,1021,3
79536,59224.0,e,29938,a,21114.0,c,747,582,3
11238,13069.0,f,6857,a,124545.0,e,15,387,5
16500,12932.0,e,5543,a,33400.0,d,960,56,3
8085,6475.0,e,2449,a,,d,13,57,2
382803,235656.0,f,167217,a,161637.0,d,4443,1321,18
23462,25726.0,f,11679,a,158230.0,e,935,716,3
565468,,e,289901,a,14449.0,d,14133,2401,20
12735,16783.0,d,5079,a,,e,171,41,0
64762,88722.0,f,31707,a,,e,479,255,1
137213,120705.0,e,58526,a,,c,3047,899,5
343,606.0,e,201,a,3936.0,c,3,4,0
424557,323017.0,e,186614,a,83669.0,d,2446,2202,17
378,632.0,e,229,a,38193.0,b,40,4,0
665381,209001.0,e,266652,a,109190.0,d,14355,4040,30
44562,63245.0,f,20059,a,,c,570,143,3
23459,26158.0,e,8158,a,26768.0,d,169,195,11
693081,425946.0,e,307682,a,378343.0,d,6484,4394,7
7188,17943.0,f,3031,a,26743.0,d,159,113,2
158955,,e,71611,a,34917.0,e,272,1878,17
271141,209149.0,f,129013,a,,d,15611,1223,13
3853,8797.0,d,2268,a,65728.0,e,1396,109,0
55634,38683.0,e,22765,a,23602.0,c,132,282,2
22429,24121.0,f,8833,a,95016.0,e,2570,158,5
142016,61304.0,e,63370,a,,e,5229,1230,1
517463,408852.0,e,214655,a,,d,7320,2909,39
319476,127057.0,e,145783,a,390725.0,c,3497,673,6
25950,28604.0,e,8757,a,34707.0,d,2260,313,9
26639,97989.0,e,11498,a,,d,735,355,11
682262,435983.0,e,342029,a,152883.0,d,25011,5196,36
228987,280866.0,e,100961,a,208599.0,c,6340,2309,14
334875,150022.0,e,168955,a,,c,12575,2194,15
386,697.0,f,218,a,13959.0,d,57,7,0
4430,13021.0,f,1902,a,61983.0,d,92,22,1
17079,29041.0,e,7209,a,53617.0,d,34,125,2
192738,200159.0,e,89566,a,,d,4646,2560,21
197887,112215.0,e,103230,a,291801.0,e,5984,2396,8
244088,152083.0,e,96957,a,,d,5903,1748,11
3987,14458.0,f,2772,a,,e,334,107,3
8779,23106.0,f,3959,a,,c,71,79,1
164577,139783.0,e,81404,a,,c,1080,1740,15
25021,46853.0,f,11870,a,,d,1807,284,6
58374,70182.0,e,30849,a,94530.0,c,475,725,19
104402,29466.0,e,45685,a,125680.0,c,11,1215,5
60839,36565.0,e,24896,a,27255.0,d,1160,644,14
417582,245927.0,e,201271,a,,c,5174,2030,6
1046,6701.0,e,651,a,,f,750,11,2
526959,395044.0,e,255659,a,63880.0,c,9483,3456,22
74069,81283.0,e,49342,a,7356.0,e,9328,788,20
86246,55799.0,e,38364,a,,e,4745,942,19
100834,45887.0,f,43825,a,,d,2654,621,6
